Wall time,Step,Value
1716200320.031177,6,-54.58716583251953
1716200320.367808,7,-61.00882339477539
1716200322.1630158,12,-57.74728012084961
1716200323.324907,15,-82.83515167236328
1716200323.715235,16,-72.0468521118164
1716200325.163234,19,-72.65669250488281
1716200326.236704,21,-59.74728012084961
1716200327.7396538,25,-68.65669250488281
1716200331.274055,37,-59.040035247802734
1716200332.68928,41,-51.971946716308594
1716200333.5953732,43,-54.523529052734375
1716200334.755727,45,-89.42842102050781
1716200335.204681,46,-72.62248229980469
1716200335.767058,48,-63.55531692504883
1716200337.787353,54,-73.2868881225586
1716200338.0854652,55,-71.9227523803711
1716200338.432823,56,-82.34684753417969
1716200338.806998,57,-75.10652923583984
1716200339.103489,58,-58.39695358276367
1716200342.734866,66,-84.43389129638672
1716200343.695075,69,-57.939212799072266
1716200344.716665,72,-52.61907196044922
1716200345.151131,73,-79.46221160888672
1716200345.488426,74,-70.45669555664062
1716200345.7885928,75,-66.20882415771484
1716200347.499213,80,-61.02275085449219
1716200350.475571,88,-84.0691146850586
1716200350.824182,89,-52.53871536254883
1716200353.010292,95,-68.5553207397461
1716200356.053108,103,-68.39179992675781
1716200357.1656609,106,-61.92575454711914
1716200357.454432,107,-62.365455627441406
1716200359.688685,114,-58.71173858642578
1716200360.6921291,117,-55.3082389831543
1716200361.315249,119,-59.36012649536133
1716200364.287943,127,-62.365455627441406
1716200365.2960598,130,-72.80824279785156
1716200366.063016,131,-109.65531921386719
1716200369.396249,140,-66.961181640625
1716200370.264519,142,-88.31709289550781
1716200370.6259031,143,-77.09860229492188
1716200370.851394,144,-52.971946716308594
1716200373.0317,151,-54.811737060546875
1716200374.828044,156,-54.59859848022461
1716200375.6816661,158,-65.6642074584961
1716200376.022013,159,-54.491939544677734
1716200377.685396,163,-74.89193725585938
1716200379.391859,168,-65.71173858642578
1716200379.782974,169,-61.46012496948242
1716200380.7373362,172,-62.423526763916016
1716200383.148351,178,-85.2468490600586
1716200383.4944909,179,-80.77781677246094
1716200384.3663821,181,-57.528141021728516
1716200385.711488,184,-62.05362319946289
1716200386.53541,186,-85.18097686767578
1716200386.904031,187,-84.32814025878906
1716200387.548139,189,-82.38738250732422
1716200388.35458,191,-54.377197265625
1716200388.6983302,192,-80.43645477294922
1716200390.982442,199,-51.971946716308594
1716200394.415415,207,-55.71513748168945
1716200394.8170218,208,-70.39695739746094
1716200395.317285,209,-53.75773620605469
1716200396.99556,213,-83.43645477294922
1716200400.5546281,223,-72.98097229003906
1716200401.146642,224,-62.71173858642578
1716200401.753908,226,-55.58716583251953
1716200403.1841102,230,-75.27666473388672
1716200404.228513,233,-63.39695358276367
1716200404.574476,234,-59.65103530883789
1716200404.968458,235,-84.09332275390625
1716200405.992341,238,-53.97392272949219
1716200410.371378,250,-75.38738250732422
1716200412.2204108,256,-53.76642990112305
1716200413.2576761,259,-56.647281646728516
1716200414.2153459,261,-75.56192016601562
1716200414.697012,262,-83.29058074951172
1716200415.444389,264,-70.5868911743164
1716200417.08381,268,-76.8611831665039
1716200418.451961,272,-81.3664321899414
1716200419.1458318,274,-75.82275390625
1716200420.87596,279,-83.59646606445312
1716200425.960095,293,-64.07130432128906
1716200427.683512,298,-63.62275314331055
1716200427.9866722,299,-56.16545486450195
1716200429.161897,303,-67.39179992675781
1716200429.595863,304,-75.46192169189453
1716200431.4511302,308,-58.03645324707031
1716200431.9723039,309,-73.82575225830078
1716200432.634607,311,-86.93515014648438
1716200433.7617762,314,-58.26012420654297
1716200435.587494,319,-53.29179763793945
1716200435.881431,320,-71.33401489257812
1716200436.164638,321,-56.523529052734375
1716200437.764988,326,-66.60823822021484
1716200438.1104,327,-49.64657211303711
1716200438.846977,328,-89.12248229980469
1716200439.821192,331,-68.52352905273438
1716200442.850921,340,-74.62654876708984
1716200443.422364,342,-62.908870697021484
1716200445.452588,348,-91.23967742919922
1716200447.8709419,354,-54.399837493896484
1716200448.280842,355,-59.07666015625
1716200450.457407,361,-83.0577392578125
1716200451.506958,364,-49.43967819213867
1716200452.7823439,368,-67.46012878417969
1716200454.686913,372,-73.65170288085938
1716200455.383666,374,-59.11553192138672
1716200456.809175,378,-72.7771987915039
1716200457.084521,379,-54.38716506958008
1716200457.544868,380,-83.88097381591797
1716200458.21578,382,-73.27130126953125
1716200459.781877,387,-62.86924743652344
1716200461.788522,392,-49.61553192138672
1716200462.079966,393,-54.45103454589844
1716200462.420279,394,-59.30263137817383
1716200467.439223,409,-85.21029663085938
1716200470.601413,416,-64.5224838256836
1716200472.392968,422,-53.419071197509766
1716200472.749501,423,-54.399837493896484
1716200473.340161,425,-56.32352828979492
1716200473.9739468,427,-62.234012603759766
1716200475.298728,431,-80.86924743652344
1716200479.035083,440,-59.236454010009766
1716200479.615183,442,-61.491798400878906
1716200479.8906791,443,-56.58716583251953
1716200480.7665448,446,-60.97392272949219
1716200482.7537239,452,-58.39695358276367
1716200485.909472,460,-56.31714630126953
1716200486.197567,461,-60.365455627441406
1716200487.248498,464,-88.80459594726562
1716200487.550824,465,-63.97766876220703
1716200490.7031832,474,-59.58716583251953
1716200490.98768,475,-50.355316162109375
1716200494.817434,486,-66.37782287597656
1716200495.8062432,489,-52.68305587768555
1716200496.083762,490,-61.61907196044922
1716200496.799579,492,-77.04656982421875
1716200497.9706829,494,-75.4474868774414
1716200502.806886,508,-84.63288116455078
1716200504.468244,513,-65.95362091064453
1716200505.425232,515,-65.37782287597656
1716200506.38129,518,-59.71513748168945
1716200506.9952269,520,-59.13401412963867
1716200508.735363,525,-80.26220703125
1716200509.0108852,526,-56.45103454589844
1716200511.633138,532,-57.84405517578125
1716200512.3782358,534,-57.55531692504883
1716200513.336214,535,-53.115238189697266
1716200514.0137842,537,-83.25773620605469
1716200514.364107,538,-73.51714324951172
1716200515.538938,541,-66.9227523803711
1716200516.112455,543,-65.39695739746094
1716200517.687165,548,-65.33401489257812
1716200517.992939,549,-61.040035247802734
1716200521.552028,558,-67.10882568359375
1716200522.176405,560,-60.14657211303711
1716200523.596233,564,-56.438716888427734
1716200523.9561758,565,-77.1577377319336
1716200524.315201,566,-78.18738555908203
1716200525.54255,570,-84.6868896484375
1716200526.688214,574,-72.36012268066406
1716200527.002733,575,-54.97130584716797
1716200528.4130461,578,-57.71173858642578
1716200528.946903,580,-65.48716735839844
1716200529.352556,581,-53.896461486816406
1716200529.6643689,582,-59.77766799926758
1716200530.01018,583,-71.45669555664062
1716200530.4782941,584,-67.41714477539062
1716200531.0240011,585,-84.24246978759766
1716200531.6702342,587,-64.35531616210938
1716200531.95877,588,-56.26012420654297
1716200533.790862,593,-76.45097351074219
1716200534.207031,594,-66.12814331054688
1716200535.7463942,598,-79.12814331054688
1716200536.522707,601,-60.90653610229492
1716200537.062761,603,-50.908870697021484
1716200539.077895,609,-60.85362243652344
1716200539.677423,611,-67.14657592773438
1716200541.466486,616,-77.47601318359375
1716200543.164681,620,-50.776432037353516
1716200543.459381,621,-64.1340103149414
1716200544.203143,623,-83.21029663085938
1716200548.43534,635,-99.81523895263672
1716200551.295989,642,-58.48716354370117
1716200551.649479,643,-70.2468490600586
1716200552.3679411,645,-72.55669403076172
1716200552.744861,646,-82.21029663085938
1716200553.070467,647,-68.77781677246094
1716200553.3633358,648,-71.9227523803711
1716200554.008894,650,-65.63871765136719
1716200554.877044,653,-71.02275085449219
1716200556.29742,657,-72.87601470947266
1716200556.9296799,658,-70.14657592773438
1716200558.186667,662,-51.811737060546875
1716200559.0858932,665,-74.64745330810547
1716200560.283056,669,-56.408241271972656
1716200561.079361,672,-60.102630615234375
1716200561.467891,673,-64.45669555664062
1716200561.756332,674,-58.228511810302734
1716200562.1763022,675,-80.40459442138672
1716200562.4653382,676,-66.4917984008789
1716200563.282423,678,-72.72575378417969
1716200563.5404851,679,-51.908870697021484
1716200563.889645,680,-81.37666320800781
1716200565.122818,683,-81.73871612548828
1716200565.450142,684,-72.961181640625
1716200565.7130392,685,-57.811737060546875
1716200566.5430799,687,-68.26191711425781
1716200567.460442,689,-66.45669555664062
1716200567.8073978,690,-77.3664321899414
1716200570.192909,697,-77.74829864501953
1716200571.117894,700,-78.71714782714844
1716200572.742903,704,-78.50653076171875
1716200573.71504,707,-84.25773620605469
1716200574.3572109,709,-57.334014892578125
1716200574.992901,711,-90.30652618408203
1716200576.4752488,715,-89.65669250488281
1716200577.868672,719,-78.32814025878906
1716200579.2177238,722,-60.31714630126953
1716200579.615336,723,-52.98689270019531
1716200579.929474,724,-67.05361938476562
1716200580.2207181,725,-64.16545867919922
1716200581.903426,731,-56.61173629760742
1716200584.081315,737,-77.32814025878906
1716200584.791594,739,-75.61714172363281
1716200585.161909,740,-78.99332427978516
1716200586.7657988,744,-68.04656982421875
1716200587.8135839,747,-56.26012420654297
1716200588.141409,748,-57.90262985229492
1716200589.423361,751,-62.19646072387695
1716200589.694465,752,-58.811737060546875
1716200589.993844,753,-53.97130584716797
1716200590.705289,755,-74.40653228759766
1716200591.436317,757,-86.73515319824219
1716200593.833438,763,-71.28738403320312
1716200594.982761,766,-73.08454895019531
1716200595.256843,767,-58.61907196044922
1716200596.147546,770,-65.33401489257812
1716200596.452537,771,-81.95362091064453
1716200596.709974,772,-62.51906967163086
1716200597.227547,774,-56.71173858642578
1716200597.461428,775,-52.939212799072266
1716200599.67671,781,-89.24923706054688
1716200601.082148,785,-52.77947998046875
1716200601.34255,786,-63.51906967163086
1716200601.846715,788,-54.00474166870117
1716200602.617034,790,-54.38716506958008
1716200603.32385,792,-78.86421203613281
1716200603.681998,793,-61.49983596801758
1716200603.976795,794,-57.365455627441406
1716200604.30051,795,-72.38689422607422
1716200604.670604,796,-80.26911163330078
1716200605.5458,799,-53.29179763793945
1716200606.305296,801,-62.07130432128906
1716200606.9958222,803,-57.396461486816406
1716200608.29587,806,-54.653621673583984
1716200608.8598962,808,-58.07130432128906
1716200609.160735,809,-59.040035247802734
1716200609.604369,810,-76.12248229980469
1716200611.409162,816,-63.39695358276367
1716200611.7216861,817,-65.27130126953125
1716200612.3995268,819,-69.18738555908203
1716200613.511303,822,-82.29859924316406
1716200614.990516,826,-54.32352828979492
1716200615.9409359,829,-52.32352828979492
1716200616.7368,832,-51.46012496948242
1716200617.022669,833,-60.42850875854492
1716200617.691978,835,-62.65103530883789
1716200618.295191,837,-72.61714172363281
1716200618.9595551,839,-78.01029968261719
1716200620.464918,844,-88.09332275390625
1716200621.465069,847,-83.3964614868164
1716200622.367208,849,-52.03401565551758
1716200627.204566,864,-75.86924743652344
1716200628.481659,868,-79.34684753417969
1716200629.580556,870,-68.48689270019531
1716200629.9536178,871,-74.2468490600586
1716200631.1147609,875,-64.68305969238281
1716200631.6721878,877,-56.29179763793945
1716200632.003221,878,-54.523529052734375
1716200633.0641348,881,-63.20262908935547
1716200633.908484,883,-70.0211181640625
1716200634.4442172,885,-54.71173858642578
1716200635.628221,888,-65.07666015625
1716200636.166272,890,-66.17130279541016
1716200636.766422,891,-59.55531692504883
1716200637.395495,893,-85.1577377319336
1716200638.775777,897,-63.65103530883789
1716200640.263811,901,-84.09332275390625
1716200643.16695,908,-54.841365814208984
1716200643.4594612,909,-60.228511810302734
1716200644.050436,910,-62.808868408203125
1716200644.458519,911,-79.26911163330078
1716200645.225495,913,-57.3082389831543
1716200646.261106,916,-57.00653076171875
1716200646.702497,917,-74.39066314697266
1716200647.025116,918,-60.915531158447266
1716200647.993257,921,-57.97766876220703
1716200648.281141,922,-55.32352828979492
1716200648.52448,923,-53.841365814208984
1716200648.863717,924,-65.69983673095703
1716200651.7665532,932,-65.26642608642578
1716200652.0899851,933,-62.991939544677734
1716200653.218959,936,-68.7370834350586
1716200655.385556,943,-86.09332275390625
1716200656.36063,946,-87.35773468017578
1716200659.4748192,954,-86.46028137207031
1716200659.870731,955,-57.1868896484375
1716200660.459745,957,-51.19695281982422
1716200660.993504,958,-75.60917663574219
1716200661.294025,959,-68.27130126953125
1716200662.287096,962,-76.26642608642578
1716200662.5451741,963,-54.876434326171875
1716200663.206867,965,-59.77947998046875
1716200663.9448571,967,-80.19860076904297
1716200665.474807,972,-82.53645324707031
1716200666.153204,973,-62.106529235839844
1716200667.43974,977,-66.48689270019531
1716200667.6615329,978,-47.07051467895508
1716200668.0113258,979,-77.50653076171875
1716200668.37188,980,-53.59193801879883
1716200669.311641,983,-59.39695358276367
1716200669.731565,984,-60.09859848022461
1716200670.0119889,985,-57.523529052734375
1716200671.088896,988,-71.64745330810547
1716200671.372475,989,-57.32352828979492
1716200674.0900748,997,-64.0400390625
1716200675.5303922,1001,-75.1577377319336
1716200676.155943,1003,-60.59983825683594
1716200676.818392,1005,-64.90882110595703
1716200677.142734,1006,-75.55669403076172
1716200678.15821,1009,-64.99193572998047
1716200679.395046,1012,-77.63288116455078
1716200679.6587782,1013,-54.77947998046875
1716200680.278296,1014,-78.79983520507812
1716200680.674348,1015,-99.00614929199219
1716200681.682179,1018,-53.971946716308594
1716200684.595663,1026,-59.11714553833008
1716200685.2531872,1028,-62.36012649536133
1716200685.919613,1030,-64.39695739746094
1716200686.578094,1032,-80.31709289550781
1716200686.8875918,1033,-58.040035247802734
1716200687.9921012,1036,-56.90653610229492
1716200688.51856,1038,-72.26545715332031
1716200689.0837219,1040,-61.16545486450195
1716200690.7419279,1045,-58.939212799072266
1716200693.220324,1052,-99.94829559326172
1716200693.574653,1053,-71.65669250488281
1716200695.046171,1056,-63.26545333862305
1716200695.783147,1058,-66.3364486694336
1716200697.476204,1064,-56.29179763793945
1716200697.774593,1065,-69.27130126953125
1716200698.5347562,1067,-71.61714172363281
1716200699.212252,1069,-88.22814178466797
1716200700.469601,1073,-55.61907196044922
1716200701.803661,1077,-58.58305740356445
1716200702.779524,1079,-82.62654876708984
1716200704.711314,1084,-73.50614929199219
1716200705.137409,1085,-78.0691146850586
1716200705.5128162,1086,-68.53047943115234
1716200708.396566,1093,-56.971946716308594
1716200708.649778,1094,-54.808868408203125
1716200711.335837,1100,-70.24003601074219
1716200713.523645,1104,-81.26911163330078
1716200713.8670871,1105,-71.63871765136719
1716200714.209753,1106,-86.43645477294922
1716200717.6310909,1115,-68.66117858886719
1716200718.3246322,1117,-76.79983520507812
1716200719.391739,1120,-55.11714553833008
1716200721.140537,1126,-74.89983367919922
1716200721.449002,1127,-73.67781829833984
1716200722.650144,1131,-64.64727783203125
1716200723.743003,1134,-74.4766616821289
1716200724.01911,1135,-58.61907196044922
1716200724.350946,1136,-66.93048095703125
1716200725.7066932,1139,-55.926551818847656
1716200729.3168352,1150,-58.68305587768555
1716200730.195513,1153,-57.102630615234375
1716200731.237259,1156,-98.064208984375
1716200731.936983,1157,-53.126548767089844
1716200732.36926,1158,-79.67719268798828
1716200733.458632,1161,-80.65170288085938
1716200733.791011,1162,-72.51714324951172
1716200734.080676,1163,-61.228511810302734
1716200739.384902,1178,-55.876434326171875
1716200740.3381388,1181,-58.72275161743164
1716200740.9395452,1183,-65.39695739746094
1716200741.256684,1184,-85.83048248291016
1716200741.785368,1186,-58.776432037353516
1716200742.083161,1187,-60.55531692504883
1716200742.939018,1190,-52.547279357910156
1716200743.967974,1193,-69.66117858886719
1716200744.293004,1194,-79.5868911743164
1716200744.982692,1196,-83.40653228759766
1716200745.6484501,1198,-59.26012420654297
1716200746.820708,1200,-83.77781677246094
1716200747.3464751,1202,-59.00474166870117
1716200748.6314921,1205,-68.85773468017578
1716200749.2751832,1207,-80.28738403320312
1716200750.1543949,1209,-77.29859924316406
1716200750.971963,1211,-78.85350799560547
1716200751.564139,1213,-58.784549713134766
1716200752.2074518,1215,-57.6304817199707
1716200756.053681,1225,-52.71173858642578
1716200757.318337,1229,-65.76924896240234
1716200758.826965,1233,-70.13323211669922
1716200759.1979158,1234,-61.2778205871582
1716200759.54662,1235,-89.37666320800781
1716200760.399717,1237,-82.17739868164062
1716200761.5809689,1240,-56.45103454589844
1716200762.511743,1243,-61.42850875854492
1716200763.871965,1245,-57.70652770996094
1716200764.868303,1248,-85.26911163330078
1716200766.8476968,1254,-79.80824279785156
1716200767.4490728,1256,-54.102630615234375
1716200768.019725,1258,-58.16545486450195
1716200768.382601,1259,-74.3364486694336
1716200769.860569,1262,-80.0691146850586
1716200770.147504,1263,-56.355316162109375
1716200770.44172,1264,-59.334014892578125
1716200771.345493,1267,-62.334014892578125
1716200774.2917461,1275,-62.39695358276367
1716200775.9666529,1280,-57.74728012084961
1716200777.1240199,1282,-64.86504364013672
1716200779.432692,1288,-59.355316162109375
1716200780.891283,1292,-72.99859619140625
1716200781.167834,1293,-62.32851028442383
1716200781.483946,1294,-59.08454895019531
1716200781.897473,1295,-79.67719268798828
1716200784.2545202,1301,-56.48305892944336
1716200785.194994,1304,-84.40653228759766
1716200787.7201788,1311,-68.31714630126953
1716200788.5292668,1313,-91.22814178466797
1716200789.573052,1316,-53.491798400878906
1716200789.885303,1317,-64.97766876220703
1716200790.718761,1320,-55.15531921386719
1716200791.296386,1321,-60.74728012084961
1716200792.834652,1326,-63.338714599609375
1716200793.221065,1327,-78.12248229980469
1716200793.5734332,1328,-62.53871536254883
1716200794.629931,1331,-60.419071197509766
1716200796.095616,1334,15.675920486450195
1716200796.8517601,1335,-67.52167510986328
1716200797.1228778,1336,-52.61907196044922
1716200797.417543,1337,-58.523529052734375
1716200797.769162,1338,-49.61553192138672
1716200800.265138,1344,-52.58716583251953
1716200802.156833,1350,-57.71513748168945
1716200804.1403,1356,-68.3964614868164
1716200805.3869498,1360,-76.53645324707031
1716200806.528041,1362,-78.8611831665039
1716200808.491164,1367,-80.80917358398438
1716200810.351646,1371,-60.26012420654297
1716200812.630805,1378,-70.2868881225586
1716200814.00656,1380,13.450106620788574
1716200815.08417,1383,-58.50823974609375
1716200815.679782,1385,-60.77766799926758
1716200815.986277,1386,-59.040035247802734
1716200817.213803,1389,-74.80917358398438
1716200817.475988,1390,-55.48716354370117
1716200818.2074728,1392,-77.5664291381836
1716200818.5662951,1393,-80.4766616821289
1716200819.630959,1396,-77.18738555908203
1716200825.74688,1413,-79.79983520507812
1716200826.0784,1414,-78.4964599609375
1716200826.3923259,1415,-71.70823669433594
1716200826.921058,1416,-36.0737419128418
1716200828.95332,1420,-70.04656982421875
1716200829.8466702,1423,-60.491798400878906
1716200831.164263,1427,-55.808868408203125
1716200831.585858,1428,-83.56192016601562
1716200831.934056,1429,-86.4766616821289
1716200833.294055,1433,-49.515140533447266
1716200833.728836,1434,-62.49332046508789
1716200834.10672,1435,-74.0691146850586
1716200834.727865,1437,-55.71513748168945
1716200835.426115,1439,-55.811737060546875
1716200836.4208698,1441,-59.28689193725586
1716200837.126723,1443,-64.85362243652344
1716200840.3255198,1451,-79.18738555908203
1716200841.864021,1456,-88.21029663085938
1716200842.22652,1457,-74.27666473388672
1716200845.915102,1466,-61.12813949584961
1716200846.219706,1467,-63.00882339477539
1716200849.581983,1478,-64.5553207397461
1716200851.7956202,1483,-80.59066009521484
1716200852.7548559,1486,-58.102630615234375
1716200853.031014,1487,-56.58716583251953
1716200854.0665238,1490,-83.11029815673828
1716200854.7491221,1492,-85.44684600830078
1716200855.026146,1493,-61.55531692504883
1716200857.7439911,1501,-84.9771957397461
1716200858.2631612,1502,-54.10474395751953
1716200858.594866,1503,-74.54745483398438
1716200858.901572,1504,-78.73871612548828
1716200859.91606,1507,-63.85362243652344
1716200860.581229,1509,-60.31714630126953
1716200860.922025,1510,-72.62654876708984
1716200861.310121,1511,-81.9224853515625
1716200864.288148,1519,-66.91553497314453
1716200866.082582,1524,-52.776432037353516
1716200866.521409,1525,-68.72248840332031
1716200867.588748,1528,-80.80824279785156
1716200869.900366,1535,-54.32352828979492
1716200870.571245,1537,-64.84657287597656
1716200874.3467011,1547,-60.55531692504883
1716200876.080895,1552,-64.89859771728516
1716200876.370545,1553,-67.4917984008789
1716200877.092771,1555,-69.14657592773438
1716200877.360775,1556,-50.876434326171875
1716200879.107116,1562,-69.30262756347656
1716200879.3776681,1563,-58.811737060546875
1716200882.158444,1569,-106.08202362060547
1716200882.489849,1570,-58.82275390625
1716200885.523912,1579,-66.05361938476562
1716200886.924156,1583,-71.4664306640625
1716200887.51744,1585,-64.04656982421875
1716200889.177918,1589,-61.65103530883789
1716200892.2734468,1598,-67.0400390625
1716200893.0315259,1600,-85.16911315917969
1716200894.000653,1603,-61.1868896484375
1716200894.552384,1605,-59.39695358276367
1716200895.2988958,1606,-60.8065299987793
1716200897.395561,1611,-79.8224868774414
1716200898.439255,1614,-79.1468505859375
1716200900.02365,1619,-57.71513748168945
1716200900.807422,1621,-64.24003601074219
1716200902.10005,1625,-65.51907348632812
1716200903.3176908,1627,-52.784549713134766
1716200903.699084,1628,-74.95773315429688
1716200903.9967518,1629,-58.16545486450195
1716200904.673227,1631,-79.98097229003906
1716200905.358977,1633,-54.5794792175293
1716200906.938273,1638,-55.84405517578125
1716200908.029442,1641,-62.3265495300293
1716200908.690602,1643,-56.13401412963867
1716200909.647576,1646,-53.523529052734375
1716200911.146267,1649,-92.03514862060547
1716200912.4614668,1653,-55.32352828979492
1716200913.742732,1656,-71.20652770996094
1716200915.17172,1660,-57.8082389831543
1716200915.501451,1661,-69.73048400878906
1716200915.857172,1662,-88.44684600830078
1716200919.21339,1669,-73.98097229003906
1716200919.808755,1671,-74.67781829833984
1716200920.559236,1673,-62.2265510559082
1716200921.408097,1676,-62.42850875854492
1716200921.687865,1677,-61.58716583251953
1716200923.660716,1683,-79.35773468017578
1716200923.990147,1684,-53.74003601074219
1716200925.865563,1688,-78.45669555664062
1716200927.000685,1692,-62.46012496948242
1716200928.146865,1695,-65.31714630126953
1716200928.4307241,1696,-57.55103302001953
1716200928.743372,1697,-63.24003601074219
1716200929.020899,1698,-61.419071197509766
1716200929.7218492,1700,-66.24003601074219
1716200930.70639,1703,-59.784549713134766
1716200933.559607,1710,-74.1338882446289
1716200933.8244312,1711,-51.455318450927734
1716200935.84165,1716,-61.39695358276367
1716200936.862139,1718,34.3050537109375
1716200937.183917,1719,-55.94003677368164
1716200937.545113,1720,-84.4170913696289
1716200940.9788742,1729,-72.71900939941406
1716200942.184952,1733,-52.647281646728516
1716200942.473839,1734,-57.46012496948242
1716200942.825498,1735,-64.5387191772461
1716200943.153995,1736,-79.71714782714844
1716200943.8403242,1738,-78.54829406738281
1716200945.459137,1743,-73.31709289550781
1716200945.8127759,1744,-62.59983825683594
1716200946.420351,1746,-59.99695587158203
1716200946.691335,1747,-58.71513748168945
1716200947.277571,1748,-59.38716506958008
1716200948.20242,1751,-86.34684753417969
1716200948.864747,1753,-51.71513748168945
1716200949.326626,1754,-92.94829559326172
1716200949.686223,1755,-82.29859924316406
1716200952.689249,1764,-84.66191864013672
1716200953.691075,1767,-51.69194030761719
1716200957.395642,1776,-71.20882415771484
1716200959.2918358,1782,-53.07051467895508
1716200959.545761,1783,-62.647281646728516
1716200961.621811,1789,-58.19646072387695
1716200962.2456079,1790,-64.14657592773438
1716200963.0856588,1791,-86.3528823852539
1716200963.713382,1793,-60.102630615234375
1716200965.5744672,1799,-67.45669555664062
1716200968.257003,1805,-59.040035247802734
1716200968.5395122,1806,-57.32352828979492
1716200971.591363,1814,-64.66117858886719
1716200971.851994,1815,-58.77947998046875
1716200972.809123,1818,-70.73048400878906
1716200974.040214,1821,-78.18738555908203
1716200975.364226,1825,-74.37601470947266
1716200975.892888,1827,-62.39695358276367
1716200977.56068,1831,-79.09332275390625
1716200979.469716,1837,-75.5868911743164
1716200980.8300831,1841,-62.76118087768555
1716200981.099189,1842,-55.68305587768555
1716200982.210887,1845,-78.80824279785156
1716200982.962946,1847,-65.73871612548828
1716200984.30008,1850,-70.48689270019531
1716200985.828112,1854,-55.87392044067383
1716200986.394159,1856,-54.5794792175293
1716200987.165052,1858,-59.523529052734375
1716200987.5251288,1859,-79.21708679199219
1716200987.9147232,1860,-81.93048095703125
1716200990.185172,1867,-68.30262756347656
1716200990.850486,1869,-59.46012496948242
1716200991.496012,1870,-82.6868896484375
1716200993.3305259,1876,-59.9088249206543
1716200993.6548328,1877,-75.93048095703125
1716200993.886011,1878,-48.939212799072266
1716200994.5438259,1880,-67.33401489257812
1716200995.315392,1882,-60.69983673095703
1716200999.434237,1894,-57.58305740356445
1716201002.228828,1903,-73.74745178222656
1716201003.52638,1907,-64.17767333984375
1716201004.888696,1912,-62.55531692504883
1716201005.2722251,1913,-72.961181640625
1716201007.3657138,1918,-79.43645477294922
1716201007.66742,1919,-62.58716583251953
1716201008.022642,1920,-84.25773620605469
1716201009.354969,1924,-59.408241271972656
1716201009.677692,1925,-66.56925201416016
1716201011.757149,1931,-56.48716354370117
1716201014.0974479,1935,-75.89193725585938
1716201014.376684,1936,-56.38716506958008
1716201014.769309,1937,-104.03514862060547
1716201015.384264,1939,-54.87392044067383
1716201015.6761081,1940,-70.9227523803711
1716201017.4868128,1945,-89.74745178222656
1716201018.377441,1948,-56.19695281982422
1716201018.8982131,1950,-61.14003372192383
1716201019.8371131,1953,-59.72275161743164
1716201021.275421,1956,-91.9771957397461
1716201022.38435,1959,-77.15170288085938
1716201023.029523,1961,-87.65669250488281
1716201024.84879,1967,-65.73048400878906
1716201025.158457,1968,-61.946571350097656
1716201025.707981,1970,-57.234012603759766
1716201026.260459,1972,-71.42353057861328
1716201029.3334641,1981,-68.45669555664062
1716201029.693813,1982,-81.71714782714844
1716201030.048318,1983,-78.34684753417969
1716201030.42061,1984,-83.1468505859375
1716201035.095217,1998,-76.1577377319336
1716201037.153953,2002,-72.65669250488281
1716201038.640768,2006,-82.32814025878906
1716201038.942209,2007,-57.22352981567383
1716201040.1213381,2010,-84.20561981201172
1716201040.4277701,2011,-63.271305084228516
1716201041.9397912,2014,-116.95392608642578
1716201042.754601,2016,-86.03514862060547
1716201043.722291,2018,-71.11553192138672
1716201045.201094,2023,-65.39695739746094
1716201046.438124,2026,-62.29179763793945
1716201047.200673,2028,-86.86192321777344
1716201047.635831,2029,-87.23388671875
1716201048.315401,2031,-88.86421203613281
1716201049.463084,2034,-52.515140533447266
1716201050.8670888,2037,-76.2364501953125
1716201051.710686,2039,-63.34748458862305
1716201052.56709,2042,-54.228511810302734
1716201053.674509,2045,-62.523529052734375
1716201053.974915,2046,-60.29179763793945
1716201054.787773,2049,-66.45531463623047
1716201055.873868,2052,-65.17767333984375
1716201058.8368042,2060,-53.13401412963867
1716201059.151669,2061,-59.00882339477539
1716201059.713001,2063,-54.776432037353516
1716201061.415494,2068,-79.8224868774414
1716201063.249368,2073,-84.50653076171875
1716201063.508481,2074,-58.51906967163086
1716201063.835189,2075,-59.16545486450195
1716201064.451581,2077,-55.523529052734375
1716201064.748628,2078,-64.39695739746094
1716201065.7676318,2080,-56.365455627441406
1716201066.387809,2082,-72.59646606445312
1716201067.475754,2085,-74.96910858154297
1716201067.790711,2086,-75.9227523803711
1716201069.060323,2090,-57.744056701660156
1716201071.0937011,2095,-57.57740020751953
1716201071.622582,2097,-60.48716354370117
1716201073.938715,2103,-83.26911163330078
1716201074.3600361,2104,-75.67719268798828
1716201074.725923,2105,-74.18738555908203
1716201075.027943,2106,-55.19179916381836
1716201075.374161,2107,-79.44684600830078
1716201076.390729,2110,-90.50653076171875
1716201076.997509,2112,-57.491798400878906
1716201077.89832,2115,-51.03759765625
1716201078.1604302,2116,-64.22352600097656
1716201079.2492118,2119,-70.564208984375
1716201079.84753,2121,-77.64745330810547
1716201080.81115,2123,-59.88454818725586
1716201081.1135051,2124,-65.83048248291016
1716201081.488841,2125,-62.447452545166016
1716201082.874985,2129,-56.71173858642578
1716201084.2775161,2133,-54.90652847290039
1716201084.576532,2134,-61.42850875854492
1716201084.891354,2135,-79.02275085449219
1716201086.274493,2139,-80.86924743652344
1716201086.564831,2140,-67.98455047607422
1716201087.21343,2142,-49.32352828979492
1716201087.839524,2143,-59.811737060546875
1716201088.578045,2145,-76.83871459960938
1716201088.872113,2146,-60.19695281982422
1716201089.256783,2147,-70.9224853515625
1716201089.975987,2149,-58.79193878173828
1716201090.365642,2150,-83.21029663085938
1716201090.966607,2152,-66.3654556274414
1716201091.928237,2155,-59.61513900756836
1716201092.596318,2157,-65.42851257324219
1716201092.939821,2158,-75.83871459960938
1716201095.242634,2164,-56.58716583251953
1716201095.606436,2165,-57.47781753540039
1716201096.0784168,2166,-85.60562133789062
1716201097.345707,2170,-56.38716506958008
1716201098.4128041,2172,-40.552764892578125
1716201099.158953,2174,-69.88097381591797
1716201100.6174788,2178,-64.61907196044922
1716201103.4239318,2185,-74.99859619140625
1716201104.313706,2188,-51.00263214111328
1716201104.937921,2190,-56.39695358276367
1716201105.5982862,2192,-58.365455627441406
1716201105.9793239,2193,-77.21029663085938
1716201107.158342,2197,-72.83048248291016
1716201108.017832,2199,-87.85350799560547
1716201108.392873,2200,-83.21708679199219
1716201108.715413,2201,-73.8611831665039
1716201110.0444002,2204,-76.21029663085938
1716201110.330076,2205,-60.228511810302734
1716201111.2734349,2208,-63.85362243652344
1716201111.543634,2209,-55.61907196044922
1716201112.478624,2212,-58.46012496948242
1716201113.473484,2215,-78.71714782714844
1716201115.017916,2219,-79.4170913696289
1716201117.559669,2225,-60.4692497253418
1716201118.021961,2226,-86.0813217163086
1716201118.8748648,2229,-56.68305587768555
1716201119.120717,2230,-48.90653610229492
1716201119.7623382,2232,-79.52655029296875
1716201120.491002,2234,-77.02275085449219
1716201120.907317,2235,-87.4170913696289
1716201121.49715,2237,-54.61907196044922
1716201121.865257,2238,-55.59193801879883
1716201122.425591,2240,-54.419071197509766
1716201122.694036,2241,-52.77947998046875
1716201122.963648,2242,-51.65103530883789
1716201123.322376,2243,-75.44684600830078
1716201123.908986,2245,-58.77947998046875
1716201124.868775,2247,-56.29179763793945
1716201125.1430311,2248,-57.287166595458984
1716201126.5299041,2252,-60.30263137817383
1716201126.8281338,2253,-54.228511810302734
1716201127.6719098,2255,-79.26911163330078
1716201128.6793442,2258,-83.12248229980469
1716201129.3042712,2260,-68.42851257324219
1716201130.099628,2263,-59.71173858642578
1716201134.106368,2275,-60.13401412963867
1716201135.337589,2279,-72.76924896240234
1716201136.289907,2282,-60.46012496948242
1716201138.085768,2287,-87.32575225830078
1716201139.223872,2289,-89.86421203613281
1716201140.100677,2292,-59.66118240356445
1716201142.342775,2298,-67.69194030761719
1716201142.655595,2299,-63.102630615234375
1716201143.291337,2301,-50.299835205078125
1716201144.2812538,2304,-56.58305740356445
1716201145.332969,2307,-85.95773315429688
1716201145.685098,2308,-85.1468505859375
1716201146.385567,2309,-89.23967742919922
1716201149.688302,2318,-57.59193801879883
1716201149.9843469,2319,-62.491798400878906
1716201150.259983,2320,-58.68305587768555
1716201150.605917,2321,-77.59646606445312
1716201151.235341,2323,-91.32814025878906
1716201151.819642,2325,-61.16545486450195
1716201152.77146,2328,-59.68305587768555
1716201154.7014349,2333,-54.51173782348633
1716201155.244403,2335,-52.741363525390625
1716201155.648494,2336,-78.72248840332031
1716201156.068085,2337,-78.2468490600586
1716201156.45525,2338,-86.89331817626953
1716201158.981018,2346,-78.98097229003906
1716201162.848288,2355,-87.23967742919922
1716201164.213196,2360,-65.61907196044922
1716201166.8244438,2368,-56.438716888427734
1716201167.149478,2369,-66.79193878173828
1716201168.36515,2372,-53.10614776611328
1716201169.927587,2376,-59.65103530883789
1716201170.729446,2379,-52.03759765625
1716201172.188084,2383,-59.42850875854492
1716201173.1146429,2386,-57.102630615234375
1716201174.474912,2389,-60.9055290222168
1716201174.76954,2390,-68.3654556274414
1716201175.059123,2391,-72.20262908935547
1716201175.6471941,2393,-83.34684753417969
1716201178.316471,2401,-62.491798400878906
1716201178.9841459,2403,-71.29695129394531
1716201179.621969,2405,-76.66925048828125
1716201180.1884391,2407,-64.07130432128906
1716201181.8413901,2412,-92.94829559326172
1716201183.6845171,2417,-79.03514862060547
1716201186.801142,2425,-57.228511810302734
1716201187.156093,2426,-75.4170913696289
1716201187.49028,2427,-55.59193801879883
1716201188.878185,2431,-79.74745178222656
1716201189.972451,2434,-78.52655029296875
1716201191.334775,2437,-53.77947998046875
1716201194.197839,2445,-75.21029663085938
1716201194.853238,2447,-89.15170288085938
1716201196.090805,2451,-72.9103012084961
1716201196.591029,2452,-77.96504211425781
1716201196.986728,2453,-55.14745330810547
1716201197.25674,2454,-61.423526763916016
1716201198.204622,2456,-65.17130279541016
1716201199.031378,2458,-81.23388671875
1716201200.0592902,2461,-57.106529235839844
1716201201.124182,2464,-58.647281646728516
1716201201.390968,2465,-51.61173629760742
1716201202.035765,2467,-76.4170913696289
1716201202.688642,2469,-78.71714782714844
1716201204.830921,2476,-56.03759765625
1716201206.569695,2480,-79.55669403076172
1716201207.279698,2482,-73.4771957397461
1716201207.990865,2484,-54.97392272949219
1716201208.692079,2486,-71.79983520507812
1716201209.0472488,2487,-80.19860076904297
1716201209.690681,2489,-73.21708679199219
1716201210.648067,2492,-62.39695358276367
1716201211.326854,2494,-83.26911163330078
1716201212.1795478,2497,-59.46012496948242
1716201213.099977,2499,-62.85362243652344
1716201214.004267,2502,-62.97766876220703
1716201214.4036539,2503,-72.75170135498047
1716201214.718987,2504,-62.39695358276367
1716201217.880933,2514,-64.20882415771484
1716201218.171114,2515,-57.42850875854492
1716201218.785583,2517,-90.40653228759766
1716201219.167243,2518,-75.32814025878906
1716201219.4865952,2519,-66.24003601074219
1716201219.862089,2520,-86.23967742919922
1716201221.43529,2523,-64.50614929199219
1716201221.7075999,2524,-58.58716583251953
1716201222.3645902,2526,-65.14657592773438
1716201223.374592,2529,-74.54745483398438
1716201224.058462,2531,-52.9088249206543
1716201224.57691,2533,-55.77947998046875
1716201225.487363,2535,-64.564208984375
1716201228.846684,2544,-59.13401412963867
1716201229.233249,2545,-71.01708984375
1716201230.141749,2548,-56.77947998046875
1716201230.733692,2550,-57.90262985229492
1716201231.3891351,2552,-64.3654556274414
1716201232.0272582,2554,-55.87392044067383
1716201232.65287,2556,-61.19695281982422
1716201232.945643,2557,-64.61907196044922
1716201234.109003,2560,-70.4170913696289
1716201236.535968,2566,-81.50653076171875
1716201237.157742,2567,-79.94246673583984
1716201238.4445388,2571,-58.776432037353516
1716201239.710793,2574,-76.73871612548828
1716201241.031261,2577,-70.76911163330078
1716201242.1559281,2579,-55.498050689697266
1716201242.4466429,2580,-59.523529052734375
1716201243.943962,2584,-46.00474166870117
1716201245.3351371,2588,-84.09860229492188
1716201246.2343,2591,-58.59193801879883
1716201246.585671,2592,-67.5868911743164
1716201246.882794,2593,-60.365455627441406
1716201247.145395,2594,-62.811737060546875
1716201248.336951,2597,-89.14923095703125
1716201249.752466,2601,-66.4917984008789
1716201250.9630048,2603,-67.42353057861328
1716201252.149767,2607,-57.31714630126953
1716201252.405366,2608,-50.71173858642578
1716201253.050708,2610,-77.4170913696289
1716201253.395251,2611,-81.37666320800781
1716201255.189309,2616,-78.3364486694336
1716201256.1927931,2619,-82.01029968261719
1716201256.5023391,2620,-70.17767333984375
1716201257.1478531,2622,-58.48716354370117
1716201258.0959349,2624,-78.63871765136719
1716201258.837493,2626,-88.1577377319336
1716201259.110879,2627,-54.45103454589844
1716201260.1919239,2630,-86.86924743652344
1716201260.73412,2631,-83.064208984375
1716201261.302932,2633,-59.97766876220703
1716201262.095077,2636,-60.65103530883789
1716201262.4969978,2637,-91.03514862060547
1716201263.328288,2639,-67.14657592773438
1716201265.976625,2645,-56.14657211303711
1716201267.0505862,2648,-81.86421203613281
1716201267.984865,2651,-52.16545486450195
1716201268.309725,2652,-67.99193572998047
1716201269.772723,2656,-87.53645324707031
1716201271.953968,2662,-57.09646224975586
1716201276.8655128,2675,-59.42850875854492
1716201278.1504052,2679,-63.65103530883789
1716201278.810671,2681,-87.5664291381836
1716201280.7956,2686,-60.128509521484375
1716201282.071072,2689,-66.20459747314453
1716201282.945365,2691,-80.38738250732422
1716201284.363054,2695,-63.13401412963867
1716201285.968148,2700,-54.776432037353516
1716201287.217055,2704,-56.58716583251953
1716201288.855735,2708,-63.171302795410156
1716201289.976914,2711,-77.38738250732422
1716201293.049727,2720,-50.29179763793945
1716201295.304351,2726,-85.8224868774414
1716201298.97521,2736,-58.47781753540039
1716201299.326195,2737,-71.6868896484375
1716201299.716865,2738,-93.9224853515625
1716201300.677233,2741,-70.01553344726562
1716201300.9597921,2742,-68.5553207397461
1716201302.548935,2747,-86.37666320800781
1716201303.428,2749,-54.07130432128906
1716201304.650149,2753,-55.841365814208984
1716201304.954226,2754,-75.89193725585938
1716201305.417112,2755,-84.12814331054688
1716201305.720329,2756,-67.42851257324219
1716201305.992502,2757,-58.65103530883789
1716201306.210964,2758,-52.07051467895508
1716201306.494744,2759,-73.46012878417969
1716201309.055207,2767,-57.71513748168945
1716201309.965215,2770,-61.30263137817383
1716201312.318474,2776,-58.491798400878906
1716201313.65245,2780,-65.29695129394531
1716201317.913256,2790,-61.46012496948242
1716201318.3314738,2791,-90.77601623535156
1716201318.6178718,2792,-58.491798400878906
1716201321.168782,2799,-52.94003677368164
1716201322.805422,2804,-82.4170913696289
1716201323.792435,2807,-79.86421203613281
1716201324.5776792,2809,-84.71714782714844
1716201325.57687,2810,-78.26028442382812
1716201325.869571,2811,-62.523529052734375
1716201326.180325,2812,-55.128509521484375
1716201327.457076,2816,-79.74745178222656
1716201330.0692108,2824,-70.83967590332031
1716201330.5809631,2825,-87.93708801269531
1716201331.6451771,2828,-55.62813949584961
1716201332.708102,2830,-79.5664291381836
1716201333.068581,2831,-79.27666473388672
1716201333.656416,2833,-58.71173858642578
1716201335.3353431,2838,-61.6304817199707
1716201338.0021708,2845,-55.515140533447266
1716201338.6900852,2847,-72.02275085449219
1716201339.814585,2850,-58.71513748168945
1716201340.9593651,2852,-79.4170913696289
1716201342.4293041,2857,-60.30263137817383
1716201343.626868,2860,-67.51907348632812
1716201344.6209002,2863,-56.808868408203125
1716201347.6031559,2872,-51.939212799072266
1716201347.8751512,2873,-65.71173858642578
1716201349.519543,2876,-89.10917663574219
1716201350.687707,2879,-61.77766799926758
1716201351.419976,2881,-83.53645324707031
1716201351.723829,2882,-60.271305084228516
1716201353.834997,2888,-66.63047790527344
1716201354.796979,2891,-60.523529052734375
1716201355.158664,2892,-77.21708679199219
1716201356.234338,2894,-72.17767333984375
1716201357.144363,2897,-60.67947769165039
1716201357.8714292,2899,-83.38738250732422
1716201358.457941,2901,-59.90262985229492
1716201359.558594,2904,-59.51906967163086
1716201359.826656,2905,-58.811737060546875
1716201360.174617,2906,-67.04656982421875
1716201362.642855,2913,-74.47782135009766
1716201364.6074612,2918,-81.21029663085938
1716201365.288543,2920,-74.04656982421875
1716201365.6902661,2921,-56.03645324707031
1716201366.0345118,2922,-75.65669250488281
1716201367.378324,2926,-63.639678955078125
1716201367.6718268,2927,-55.19695281982422
1716201369.230995,2932,-58.46012496948242
1716201369.533087,2933,-70.75362396240234
1716201371.318829,2937,-74.26911163330078
1716201372.279785,2940,-79.10882568359375
1716201372.605319,2941,-71.02275085449219
1716201373.285248,2943,-72.27666473388672
1716201375.5616388,2950,-61.65103530883789
1716201376.06175,2951,-55.72814178466797
1716201377.948627,2956,-60.68305587768555
1716201382.0140831,2968,-62.523529052734375
1716201383.935786,2973,-71.70823669433594
1716201384.662566,2975,-53.29179763793945
1716201384.951444,2976,-50.26012420654297
1716201386.087208,2979,-62.77947998046875
1716201386.4145339,2980,-59.684547424316406
1716201389.5494158,2989,-52.61907196044922
1716201391.657871,2995,-59.102630615234375
1716201392.874578,2999,-63.13401412963867
1716201393.641779,3000,-81.38738250732422
